id,first_name,last_name,email,gender,related_company
1,Bernie,Mogford,bmogford0@ow.ly,Male,1
2,Mignonne,Baumler,mbaumler1@google.com.au,Female,1
3,Kain,Chaney,kchaney2@usda.gov,Male,1
4,Templeton,Woodyer,twoodyer3@amazon.co.jp,Non-binary,1
5,Putnem,Singleton,psingleton4@google.com.br,Male,1
6,Darb,Gloster,dgloster5@mysql.com,Female,1
7,Hube,Lazare,hlazare6@npr.org,Male,1
8,Ina,Izsak,iizsak7@indiegogo.com,Female,1
9,Stinky,Helks,shelks8@is.gd,Male,1
10,Gannie,Worley,gworley9@usnews.com,Male,1
11,Susanne,Ellings,sellingsa@sogou.com,Female,1
12,Lacee,Skivington,lskivingtonb@fotki.com,Non-binary,1
13,Willabella,Mattaser,wmattaserc@wsj.com,Female,1
14,Brod,Gainsburgh,bgainsburghd@ezinearticles.com,Male,1
15,Wakefield,Schulkins,wschulkinse@theguardian.com,Male,1
16,Tootsie,Dinsmore,tdinsmoref@timesonline.co.uk,Female,1
17,Mag,Newlands,mnewlandsg@comcast.net,Female,1
18,Sonny,Iddiens,siddiensh@reference.com,Male,1
19,Pryce,Ossulton,possultoni@miibeian.gov.cn,Male,1
20,Aigneis,Greenwood,agreenwoodj@washington.edu,Female,1
21,Rogers,Spottswood,rspottswoodk@networksolutions.com,Male,1
22,Vevay,Ricardou,vricardoul@macromedia.com,Female,1
23,Ernesta,Bonsul,ebonsulm@china.com.cn,Female,1
24,Abelard,Carwardine,acarwardinen@goo.gl,Male,1
25,Skylar,Driffield,sdriffieldo@homestead.com,Male,1
26,Abigael,Pester,apesterp@linkedin.com,Female,1
27,Sergeant,Simmons,ssimmonsq@jugem.jp,Male,1
28,Colet,Tweedy,ctweedyr@imageshack.us,Male,1
29,Murdoch,Licari,mlicaris@mozilla.com,Male,1
30,Jed,Pheby,jphebyt@paypal.com,Male,1
31,Penelope,Klemensiewicz,pklemensiewiczu@wikipedia.org,Female,1
32,Adamo,Renton,arentonv@so-net.ne.jp,Male,1
33,Lesli,Harbour,lharbourw@indiatimes.com,Non-binary,1
34,Zita,Dorn,zdornx@wp.com,Female,1
35,Ariel,Hindmore,ahindmorey@clickbank.net,Male,1
36,Richmound,Rodolfi,rrodolfiz@cnn.com,Male,1
37,Sheila-kathryn,Kobiela,skobiela10@google.fr,Genderqueer,1
38,Ronny,Antonio,rantonio11@npr.org,Male,1
39,Zandra,Hilldrop,zhilldrop12@yahoo.co.jp,Female,1
40,Bette,Quartermaine,bquartermaine13@cpanel.net,Female,1
41,Creighton,Ibeson,cibeson14@is.gd,Male,1
42,Margeaux,Mynott,mmynott15@cdbaby.com,Female,1
43,Marylin,Burstow,mburstow16@phpbb.com,Female,1
44,Vito,Broadberry,vbroadberry17@discovery.com,Male,1
45,Richardo,Bolton,rbolton18@webeden.co.uk,Male,1
46,Rogers,Thurstan,rthurstan19@addtoany.com,Male,1
47,Damara,Buttrey,dbuttrey1a@samsung.com,Female,1
48,Zola,Vynehall,zvynehall1b@cnet.com,Female,1
49,Davida,O Sullivan,dosullivan1c@instagram.com,Female,1
50,Sibella,Devil,sdevil1d@answers.com,Female,1
